ts_utc,run_id,agent,scope,action,status,summary,refs,commit_sha
2026-10-06T11:54:22Z,wfform-workspace-20261006,codex,workspace-adaptation,commit,completed,feat(workspace): migrate wfform and add nginx deployment and file rendering,docs/reports/workspace-rendering-verification.md;docs/planning/ROADMAP.md;docs/guides/DOCKER.md;docs/file-rendering.md,pending
2026-10-06T12:14:44Z,wfform-codegraph-20261006,codex,codegraph,note,completed,chore(codegraph): initialize Dart graph and verify real MCP queries,docs/guides/MCP_SETUP.md;outputs/codegraph-live-smoke.txt,
2026-10-06T12:14:44Z,wfform-workflow-20261006,codex,workflow-identity,commit,completed,feat(workflow): enable CodeGraph and unify wfform project identity,docs/reports/workflow-identity-verification.md;docs/planning/ROADMAP.md,pending
2026-10-06T12:31:12Z,wfform-native-id-20261006,codex,native-identity,commit,completed,fix(identity): configure com.wfform native application identifiers,docs/reports/native-identity-verification.md;docs/native-platforms.md;outputs/native-identity-codegraph-check.txt,pending
2026-10-07T07:06:58Z,wfform-public-web-20261007,codex,public-web,commit,completed,feat(web): add SEO metadata and automated website publishing,docs/reports/public-web-verification.md;docs/guides/CI_CD.md;docs/seo.md;outputs/public-web-graph-final-check.txt,pending
2026-10-07T07:59:59Z,wfform-ci-launch-20261007,codex,ci-publication,commit,completed,fix(ci): resolve CodeGraph paths in cloned checkouts,docs/guides/MCP_SETUP.md;docs/guides/CI_CD.md;outputs/pipeline-verify.txt,pending
2026-10-07T11:37:50Z,wfform-account-move-20261007,codex,repository-migration,commit,completed,feat(repository): migrate wfform to consciontologic with fresh history,docs/guides/CI_CD.md;docs/project/DECISION_LOG.md;docs/planning/ROADMAP.md;outputs/migration-verify.txt,pending
2026-10-07T11:45:29Z,wfform-migration-proof-20261007,codex,repository-migration,note,completed,Verified fresh source history and successful GitHub publication; document run and remote artifact integrity,docs/reports/account-migration-verification.md;docs/guides/MODEL_PROFILES.md;docs/planning/ROADMAP.md,
2026-10-07T12:13:59Z,wfform-free-pages-20261007,codex,github-pages,commit,completed,feat(hosting): publish wfform at the free GitHub Pages URL,docs/guides/CI_CD.md;docs/seo.md;docs/pwa.md;outputs/pages-verify.txt;outputs/pages-preview.txt,pending
2026-10-07T12:26:03Z,wfform-pages-proof-20261007,codex,github-pages,note,completed,"Verified live HTTPS GitHub Pages deployment, browser catalog and PWA scope; recorded successful source and Pages runs with limitations",docs/reports/github-pages-verification.md;docs/guides/CI_CD.md;docs/planning/ROADMAP.md,
2026-10-07T13:55:29Z,wfform-custom-domain-20261007,codex,custom-domain,commit,completed,feat(hosting): serve wfform.com with managed GitHub HTTPS,docs/guides/CI_CD.md;docs/seo.md;docs/pwa.md;outputs/domain-verify.txt;outputs/domain-preview.txt;outputs/domain-codegraph.txt,pending
